<?xml version="1.0" encoding="UTF-8"?>
<beans xmlns="http://www.springframework.org/schema/beans"
	xmlns:xsi="http://www.w3.org/2001/XMLSchema-instance"
	xmlns:context="http://www.springframework.org/schema/context"
	xsi:schemaLocation="http://www.springframework.org/schema/beans http://www.springframework.org/schema/beans/spring-beans.xsd
		http://www.springframework.org/schema/context http://www.springframework.org/schema/context/spring-context-4.3.xsd">


<bean id="sbu" class="com.cg.bean.SBU">
	<property name="sbuCode" value="PES-BU" />
	<property name="sbuName" value="Kiran Rao" />
	<property name="sbuHead" value="Product Engineering Service" />
	<property name="empList">
	<list>
	<bean id="emp" class="com.cg.bean.Employee">
	<property name="employeeId" value="12345" />
	<property name="employeeName" value="Harriet" />
	<property name="salary" value="40000.0" />
	</bean>
	</list>
	</property>
	
	</bean>


</beans>
