[
  {
    "line": 1,
    "elements": [
      {
        "line": 2,
        "name": "User will add Product to Cart on Amazon",
        "description": "",
        "id": "show-product;user-will-add-product-to-cart-on-amazon",
        "type": "scenario",
        "keyword": "Scenario",
        "steps": [
          {
            "result": {
              "status": "undefined"
            },
            "line": 3,
            "name": "User will select Products",
            "match": {},
            "keyword": "Given "
          },
          {
            "result": {
              "status": "undefined"
            },
            "line": 4,
            "name": "User will Add Products to Cart",
            "match": {},
            "keyword": "And "
          },
          {
            "result": {
              "status": "undefined"
            },
            "line": 5,
            "name": "User clicks on show cart",
            "match": {},
            "keyword": "When "
          },
          {
            "result": {
              "status": "undefined"
            },
            "line": 6,
            "name": "Show the list of products to user from cart",
            "match": {},
            "keyword": "Then "
          }
        ]
      }
    ],
    "name": "Show Product",
    "description": "",
    "id": "show-product",
    "keyword": "Feature",
    "uri": "showProduct.feature"
  }
]